dataset,label,comb_ci_overlap_mean,ci_overlap_mean,decisions_changed,km_mean_abs_diff,pmse_ratio,cindex_tstr,cindex_gap,mia_dist_auc,mia_dens_auc,dcr_share_excess,exact_match_rate,singling_out_risk,linkability_risk,inference_risk,verde_%
flchain,bootstrap,0.834 ± 0.023,0.762 ± 0.027,0.2 ± 0.133,0.008 ± 0.002,0.933 ± 0.09,0.799 ± 0.004,0.001 ± 0.001,0.813 ± 0.004,0.6 ± 0.004,0.5 ± 0.0,1.0 ± 0.0,0.752 ± 0.008,0.628 ± 0.02,0.656 ± 0.02,0
flchain,cart,0.606 ± 0.083,0.619 ± 0.063,0.8 ± 0.249,0.013 ± 0.002,1.25 ± 0.143,0.8 ± 0.003,0.0 ± 0.001,0.564 ± 0.005,0.533 ± 0.005,0.12 ± 0.004,0.007 ± 0.001,0.757 ± 0.006,0.19 ± 0.036,0.21 ± 0.017,0
flchain,copula,0.572 ± 0.018,0.512 ± 0.024,0.6 ± 0.221,0.041 ± 0.003,0.961 ± 0.115,0.797 ± 0.004,0.003 ± 0.002,0.503 ± 0.004,0.508 ± 0.005,0.005 ± 0.007,0.0 ± 0.0,0.048 ± 0.007,0.013 ± 0.007,0.055 ± 0.018,10
flchain,dpcopula(ε=0.5),0.294 ± 0.03,0.258 ± 0.02,1.2 ± 0.359,0.044 ± 0.009,192.116 ± 8.059,0.596 ± 0.074,0.204 ± 0.071,0.496 ± 0.005,0.5 ± 0.006,0.01 ± 0.01,0.0 ± 0.0,0.004 ± 0.002,0.011 ± 0.004,0.033 ± 0.011,0
flchain,dpcopula(ε=1),0.298 ± 0.028,0.27 ± 0.027,1.0 ± 0.333,0.039 ± 0.006,143.163 ± 7.008,0.608 ± 0.063,0.192 ± 0.061,0.498 ± 0.003,0.506 ± 0.004,0.007 ± 0.008,0.0 ± 0.0,0.004 ± 0.002,0.014 ± 0.007,0.057 ± 0.023,0
flchain,dpcopula(ε=5),0.424 ± 0.027,0.398 ± 0.026,0.7 ± 0.26,0.037 ± 0.004,34.229 ± 2.691,0.783 ± 0.004,0.016 ± 0.003,0.499 ± 0.003,0.509 ± 0.005,0.005 ± 0.007,0.0 ± 0.0,0.005 ± 0.003,0.017 ± 0.01,0.045 ± 0.016,0
flchain,dpcopula(ε=10),0.462 ± 0.022,0.421 ± 0.028,0.8 ± 0.291,0.035 ± 0.003,16.1 ± 1.291,0.787 ± 0.005,0.012 ± 0.003,0.504 ± 0.003,0.51 ± 0.005,0.014 ± 0.005,0.0 ± 0.0,0.007 ± 0.003,0.015 ± 0.008,0.05 ± 0.019,0
flchain,marginal,0.492 ± 0.024,0.486 ± 0.026,2.1 ± 0.314,0.089 ± 0.003,1.383 ± 0.099,0.467 ± 0.068,0.332 ± 0.069,0.503 ± 0.003,0.506 ± 0.006,0.008 ± 0.007,0.0 ± 0.0,0.049 ± 0.005,0.019 ± 0.007,0.038 ± 0.013,0
gbsg2,bootstrap,0.898 ± 0.008,0.764 ± 0.023,0.6 ± 0.221,0.017 ± 0.003,1.104 ± 0.099,0.664 ± 0.007,0.009 ± 0.004,0.812 ± 0.005,0.55 ± 0.01,0.499 ± 0.0,1.0 ± 0.0,0.799 ± 0.01,0.6 ± 0.014,0.632 ± 0.015,0
gbsg2,cart,0.808 ± 0.014,0.669 ± 0.026,1.5 ± 0.307,0.024 ± 0.004,1.006 ± 0.108,0.648 ± 0.008,0.024 ± 0.006,0.581 ± 0.005,0.53 ± 0.01,0.131 ± 0.008,0.001 ± 0.0,0.798 ± 0.01,0.167 ± 0.029,0.159 ± 0.033,0
gbsg2,copula,0.754 ± 0.02,0.684 ± 0.036,1.6 ± 0.371,0.031 ± 0.002,0.933 ± 0.109,0.645 ± 0.008,0.027 ± 0.005,0.515 ± 0.005,0.507 ± 0.01,0.03 ± 0.007,0.0 ± 0.0,0.106 ± 0.015,0.02 ± 0.012,0.102 ± 0.029,10
gbsg2,dpcopula(ε=0.5),0.294 ± 0.051,0.251 ± 0.05,3.0 ± 0.258,0.2 ± 0.025,119.86 ± 2.112,0.497 ± 0.019,0.175 ± 0.019,0.504 ± 0.004,0.503 ± 0.009,-0.034 ± 0.013,0.0 ± 0.0,0.005 ± 0.003,0.004 ± 0.004,0.054 ± 0.012,0
gbsg2,dpcopula(ε=1),0.301 ± 0.047,0.288 ± 0.046,2.4 ± 0.221,0.176 ± 0.026,112.422 ± 3.391,0.511 ± 0.021,0.162 ± 0.022,0.504 ± 0.004,0.505 ± 0.006,0.009 ± 0.019,0.0 ± 0.0,0.011 ± 0.003,0.013 ± 0.009,0.059 ± 0.016,0
gbsg2,dpcopula(ε=5),0.427 ± 0.026,0.424 ± 0.032,2.0 ± 0.394,0.07 ± 0.011,50.322 ± 3.982,0.541 ± 0.02,0.131 ± 0.021,0.507 ± 0.002,0.513 ± 0.006,0.036 ± 0.008,0.0 ± 0.0,0.016 ± 0.006,0.03 ± 0.012,0.101 ± 0.023,0
gbsg2,dpcopula(ε=10),0.514 ± 0.042,0.498 ± 0.035,2.1 ± 0.348,0.045 ± 0.007,24.954 ± 1.487,0.587 ± 0.015,0.085 ± 0.015,0.507 ± 0.006,0.515 ± 0.011,0.027 ± 0.017,0.0 ± 0.0,0.014 ± 0.007,0.013 ± 0.005,0.054 ± 0.017,0
gbsg2,marginal,0.499 ± 0.017,0.486 ± 0.028,3.5 ± 0.224,0.058 ± 0.006,1.365 ± 0.155,0.527 ± 0.022,0.145 ± 0.024,0.499 ± 0.003,0.497 ± 0.009,0.01 ± 0.009,0.0 ± 0.0,0.115 ± 0.014,0.001 ± 0.001,0.062 ± 0.02,0
veterans,bootstrap,0.853 ± 0.01,0.747 ± 0.026,0.5 ± 0.307,0.037 ± 0.006,1.037 ± 0.133,0.683 ± 0.013,0.024 ± 0.01,0.814 ± 0.01,0.577 ± 0.025,0.504 ± 0.0,1.0 ± 0.0,0.59 ± 0.03,0.613 ± 0.046,0.641 ± 0.02,0
veterans,cart,0.764 ± 0.019,0.697 ± 0.023,1.0 ± 0.333,0.038 ± 0.005,1.001 ± 0.099,0.661 ± 0.017,0.046 ± 0.015,0.634 ± 0.014,0.555 ± 0.015,0.193 ± 0.019,0.006 ± 0.003,0.317 ± 0.026,0.317 ± 0.07,0.266 ± 0.027,0
veterans,copula,0.743 ± 0.02,0.609 ± 0.032,1.6 ± 0.267,0.042 ± 0.005,0.989 ± 0.158,0.651 ± 0.012,0.056 ± 0.01,0.556 ± 0.015,0.536 ± 0.02,0.057 ± 0.022,0.0 ± 0.0,0.146 ± 0.02,0.1 ± 0.039,0.071 ± 0.027,0
veterans,dpcopula(ε=0.5),0.248 ± 0.05,0.204 ± 0.044,2.7 ± 0.213,0.576 ± 0.016,27.179 ± 0.002,0.491 ± 0.034,0.216 ± 0.033,0.538 ± 0.014,0.487 ± 0.022,0.036 ± 0.08,0.0 ± 0.0,0.013 ± 0.007,0.12 ± 0.058,0.133 ± 0.034,0
veterans,dpcopula(ε=1),0.266 ± 0.033,0.236 ± 0.038,2.5 ± 0.269,0.54 ± 0.021,26.892 ± 0.186,0.506 ± 0.043,0.201 ± 0.04,0.53 ± 0.016,0.5 ± 0.018,0.061 ± 0.069,0.0 ± 0.0,0.004 ± 0.003,0.117 ± 0.042,0.117 ± 0.039,0
veterans,dpcopula(ε=5),0.316 ± 0.035,0.303 ± 0.034,2.1 ± 0.379,0.335 ± 0.016,19.742 ± 1.12,0.52 ± 0.035,0.187 ± 0.033,0.517 ± 0.018,0.505 ± 0.018,0.07 ± 0.038,0.0 ± 0.0,0.009 ± 0.006,0.079 ± 0.047,0.105 ± 0.029,0
veterans,dpcopula(ε=10),0.339 ± 0.026,0.32 ± 0.029,2.1 ± 0.314,0.217 ± 0.012,13.487 ± 0.839,0.549 ± 0.029,0.158 ± 0.025,0.539 ± 0.014,0.509 ± 0.02,0.051 ± 0.025,0.0 ± 0.0,0.009 ± 0.005,0.076 ± 0.044,0.139 ± 0.033,0
veterans,marginal,0.577 ± 0.015,0.518 ± 0.022,2.9 ± 0.1,0.043 ± 0.006,0.831 ± 0.152,0.476 ± 0.027,0.231 ± 0.03,0.53 ± 0.016,0.548 ± 0.011,0.033 ± 0.026,0.0 ± 0.0,0.136 ± 0.029,0.043 ± 0.029,0.072 ± 0.023,0
whas500,bootstrap,0.862 ± 0.022,0.765 ± 0.033,0.9 ± 0.233,0.031 ± 0.008,1.115 ± 0.125,0.762 ± 0.006,0.007 ± 0.003,0.823 ± 0.006,0.539 ± 0.011,0.5 ± 0.0,1.0 ± 0.0,0.767 ± 0.01,0.553 ± 0.014,0.654 ± 0.025,0
whas500,cart,0.736 ± 0.021,0.641 ± 0.029,2.1 ± 0.277,0.024 ± 0.005,1.395 ± 0.183,0.746 ± 0.012,0.023 ± 0.01,0.575 ± 0.004,0.516 ± 0.016,0.116 ± 0.01,0.0 ± 0.0,0.742 ± 0.007,0.177 ± 0.021,0.185 ± 0.026,0
whas500,copula,0.693 ± 0.019,0.626 ± 0.031,2.5 ± 0.307,0.044 ± 0.005,1.05 ± 0.123,0.744 ± 0.009,0.025 ± 0.006,0.529 ± 0.008,0.525 ± 0.015,0.033 ± 0.01,0.0 ± 0.0,0.076 ± 0.009,0.037 ± 0.015,0.089 ± 0.035,0
whas500,dpcopula(ε=0.5),0.207 ± 0.04,0.204 ± 0.042,3.5 ± 0.224,0.203 ± 0.031,62.102 ± 0.351,0.471 ± 0.035,0.298 ± 0.038,0.513 ± 0.006,0.507 ± 0.011,-0.051 ± 0.048,0.0 ± 0.0,0.008 ± 0.003,0.033 ± 0.012,0.085 ± 0.024,0
whas500,dpcopula(ε=1),0.266 ± 0.034,0.244 ± 0.033,3.4 ± 0.267,0.18 ± 0.026,60.139 ± 0.564,0.461 ± 0.045,0.308 ± 0.047,0.51 ± 0.007,0.507 ± 0.009,-0.024 ± 0.016,0.0 ± 0.0,0.016 ± 0.005,0.034 ± 0.016,0.069 ± 0.025,0
whas500,dpcopula(ε=5),0.326 ± 0.034,0.296 ± 0.03,3.1 ± 0.277,0.122 ± 0.018,40.55 ± 1.858,0.554 ± 0.029,0.216 ± 0.03,0.52 ± 0.009,0.5 ± 0.008,0.028 ± 0.013,0.0 ± 0.0,0.017 ± 0.005,0.039 ± 0.013,0.154 ± 0.032,0
whas500,dpcopula(ε=10),0.399 ± 0.037,0.404 ± 0.038,2.5 ± 0.224,0.094 ± 0.015,25.077 ± 1.666,0.622 ± 0.027,0.147 ± 0.027,0.516 ± 0.008,0.506 ± 0.013,0.03 ± 0.015,0.0 ± 0.0,0.013 ± 0.005,0.042 ± 0.018,0.062 ± 0.022,0
whas500,marginal,0.433 ± 0.013,0.413 ± 0.016,4.3 ± 0.26,0.072 ± 0.006,1.188 ± 0.11,0.463 ± 0.028,0.306 ± 0.026,0.517 ± 0.007,0.52 ± 0.014,0.03 ± 0.016,0.0 ± 0.0,0.072 ± 0.007,0.043 ± 0.016,0.051 ± 0.016,0
